7 Wonders,Matt,2,7
Carcassone II,Matt,2,4
Dominion (Intrigue),Matt,2,4
Game of Thrones,Matt,3,6
Ideology,Matt,2,5
Pandemic,Matt,2,4
Settlers of Catan,Matt,3,4
Space Empires,Matt,1,4
Ticket to Ride,Matt,2,4
Magic: The Gathering,Bart W,0,0
Android Netrunner,Andy,2,2
Asteroyds,Andy,2,6
Betrayal at the House on the Hill,Andy,3,6
Cape Horn,Andy,3,5
Castle Panic,Andy,1,6
Champions of Midguard,Andy,2,4
Chez Dork,Andy,2,6
Colt Express,Andy,2,6
Coup,Andy,2,6
Cutthroat Caverns,Andy,3,6
DC Deckbuilder,Andy,2,5
Dead of Winter,Andy,2,5
Descent Second Edition,Andy,2,5
Dixit,Andy,3,6
Dominion,Andy,2,4
Doomtown Reloaded,Andy,2,4
Elder Sign,Andy,1,8
Epic Spell Wars of the Battle Wizards: Duel at Mt. Skyllzfyre,Andy,2,6
Firefly,Andy,1,5
Fluxx,Andy,2,6
Galaxy Trucker,Andy,2,4
Gloom,Andy,2,4
Hanabi,Andy,2,5
Hive,Andy,2,2
Humans!!,Andy,2,6
Infernal Contraption,Andy,2,4
Locke & Key the Game,Andy,3,6
Lords of War,Andy,2,4
Lords of Waterdeep,Andy,2,6
Love Letter,Andy,2,4
Machi Koro,Andy,2,5
Martians,Andy,2,6
Marvel Legendary,Andy,2,5
Mascarade,Andy,5,13
Mr Card Game,Andy,2,5
Munchkin,Andy,3,6
Munchkin Quest,Andy,2,4
Neuroshima Hex,Andy,2,4
QI The Board Game,Andy,2,6
Race for the Galaxy,Andy,2,4
Relic,Andy,2,4
Resistance Avalon,Andy,5,10
Ruddy Vikings,Andy,2,4
Settlers of Catan,Andy,2,4
Shadowrun Crossfire,Andy,2,4
Sheriff of Nottingham,Andy,3,5
Smallworld,Andy,2,5
Smash Up,Andy,2,4
Star Trek Next Gen Deck Builder,Andy,2,4
Super Dungeon Explorer: Forgotten King,Andy,1,6
T.I.M.E. Stories,Andy,2,4
Takenoko,Andy,2,4
Talisman,Andy,2,6
The Mind,Paul,2,4
The Red Dragon Inn,Andy,2,4
The Witcher Adventure Game,Andy,2,4
Thud,Andy,2,2
Tsuro,Andy,2,8
Unexpected Treasures,Andy,3,6
Warhammer Invasion,Andy,2,2
Warhammer Quest: Silver Tower,Andy,2,4
Zombicide Black Plague,Andy,1,6